season,team_id,player,per,bpm,ws,champion,per_z,bpm_z,ws_z,Composite
1992,BOS,Stojko Vranković,37.2,25.6,0.0,False,2.311116166614485,2.235668845645948,-0.5908995790021231,1.31862847775277
1992,CHI,Michael Jordan,27.2,9.9,4.1,True,1.380891061000177,0.9042914464191402,5.241832415792,2.5090049744037723
1992,CLE,Brad Daugherty,20.3,4.3,2.7,False,0.7390357381263046,0.4294052403255018,3.2501678322037635,1.4728696035518567
1992,DET,Brad Sellers,24.5,13.7,0.1,False,1.1297302824843138,1.2265356576969662,-0.4486378230315347,0.6358760390499151
1992,GSW,Mario Elie,25.1,7.7,0.3,False,1.1855437888211724,0.7177290083109251,-0.1641143110903579,0.5797194953472465
1992,IND,Kenny Williams,49.9,48.6,0.0,False,3.4925020507446556,4.186094334959105,-0.5908995790021231,2.3625656022338792
1992,LAC,Loy Vaught,25.4,11.8,0.2,False,1.2134505419896016,1.0654135520580532,-0.3063760670609463,0.6574960089955694
1992,LAL,Byron Scott,19.3,6.5,0.5,False,0.6460132275648738,0.6159676784337168,0.1204092008508189,0.4607967022831365
1992,MIA,Steve Smith,20.7,8.4,0.3,False,0.7762447423508768,0.77708978407263,-0.1641143110903579,0.46307340511104966
1992,NJN,Derrick Coleman,20.4,5.8,0.4,False,0.7483379891824475,0.5566069026720121,-0.021852555119769468,0.42769744557823003
1992,NYK,Patrick Ewing,19.9,5.2,1.7,False,0.7018267339017321,0.505726237733408,1.8275502724978796,1.0117010813776732
1992,PHO,Kevin Johnson,21.3,5.4,1.2,False,0.8320582486877354,0.5226864593796093,1.1162414926449375,0.823662066904094
1992,POR,Clyde Drexler,22.8,7.8,3.4,False,0.9715920145298816,0.7262091191340257,4.246000123997882,1.9812670858872632
1992,SAS,Antoine Carr,21.0,3.0,0.3,False,0.8041514955193061,0.3191637996251929,-0.1641143110903579,0.3197336613513803
1992,SEA,Marty Conlon,67.7,18.4,0.0,False,5.148302738738124,1.6251008663826982,-0.5908995790021231,2.0608346753729
1992,UTA,Karl Malone,25.0,6.5,3.2,False,1.1762415377650293,0.6159676784337168,3.9614766120567055,1.9178952760851506
1993,ATL,Greg Foster,29.4,2.5,0.0,False,1.5855405842353245,0.2767632455096895,-0.5908995790021231,0.42380141691429696
1993,BOS,Reggie Lewis,48.4,16.8,0.1,False,3.3529682849025098,1.4894190932130875,-0.4486378230315347,1.4645831850280207
1993,CHH,Larry Johnson,18.4,3.0,1.3,False,0.562292968059586,0.3191637996251929,1.258503248615526,0.713320005433435
1993,CHI,Michael Jordan,30.1,11.6,4.4,True,1.6506563416283262,1.0484533304118517,5.668617683703767,2.789242451914648
1993,CLE,Larry Nance,20.6,5.1,1.4,False,0.7669424912947339,0.49724612691030723,1.4007650045861144,0.8883178742637186
1993,HOU,Hakeem Olajuwon,26.7,9.1,2.4,False,1.3343798057194616,0.8364505598343347,2.823382564291998,1.6647376432819314
1993,IND,Greg Dreiling,32.4,18.9,0.0,False,1.8646081159196168,1.6675014204982017,-0.5908995790021231,0.9804033191385653
1993,LAC,Lester Conner,20.2,9.6,0.4,False,0.7297334870701614,0.8788511139498381,-0.021852555119769468,0.5289106819667434
1993,LAL,Vlade Divac,23.8,9.9,0.6,False,1.0646145250913124,0.9042914464191402,0.26267095682140723,0.7438589761106199
1993,NJN,Derrick Coleman,25.6,9.6,1.2,False,1.2320550441018878,0.8788511139498381,1.1162414926449375,1.0757158835655545
1993,NYK,Patrick Ewing,21.6,4.5,1.9,False,0.8599650018561648,0.4463654619717032,2.112073784439056,1.1394680827556414
1993,PHO,Charles Barkley,24.9,6.9,4.6,False,1.1669392867088861,0.6498881217261196,5.9531411956449425,2.589989534693316
1993,POR,Jerome Kersey,24.4,8.3,0.6,False,1.1204280314281707,0.7686096732495293,0.26267095682140723,0.7172362204997024
1993,SAS,David Robinson,21.6,6.1,1.5,False,0.8599650018561648,0.5820472351413141,1.5430267605567027,0.9950129991847273
1993,SEA,Shawn Kemp,21.3,4.3,2.4,False,0.8320582486877354,0.4294052403255018,2.823382564291998,1.3616153511017453
1993,UTA,John Crotty,79.8,57.9,0.0,False,6.273875116531437,4.974744641507468,-0.5908995790021231,3.552573393012261
1994,ATL,Danny Manning,19.6,4.2,1.5,False,0.6739199807333032,0.42092512950240113,1.5430267605567027,0.879290623597469
1994,CHI,Horace Grant,21.2,5.4,1.7,False,0.8227559976315922,0.5226864593796093,1.8275502724978796,1.0576642431696939
1994,CLE,Chris Mills,23.0,7.2,0.4,False,0.9901965166421677,0.6753284541954216,-0.021852555119769468,0.5478908052392734
1994,DEN,Dikembe Mutombo,17.8,3.8,1.3,False,0.5064794617227276,0.3870046862099984,1.258503248615526,0.7173291321827507
1994,GSW,Chris Webber,22.1,6.5,0.2,False,0.9064762571368801,0.6159676784337168,-0.3063760670609463,0.40535595616988357
1994,HOU,Hakeem Olajuwon,27.7,8.5,4.3,True,1.4274023162808924,0.7855698948957306,5.526355927733177,2.5797760463032664
1994,IND,Reggie Miller,21.9,7.5,2.8,False,0.8878717550245937,0.7007687866647238,3.3924295881743514,1.6603567099545564
1994,MIA,Bimbo Coles,19.6,4.8,0.5,False,0.6739199807333032,0.47180579444100523,0.1204092008508189,0.42204499200837575
1994,NJN,Rex Walters,87.5,51.4,0.0,False,6.990148447854454,4.423537438005924,-0.5908995790021231,3.607595435619418
1994,NYK,Patrick Ewing,20.6,4.4,3.2,False,0.7669424912947339,0.4378853511486025,3.9614766120567055,1.7221014848333471
1994,ORL,Anthony Avent,21.7,3.0,0.2,False,0.8692672529123076,0.3191637996251929,-0.3063760670609463,0.29401832849218473
1994,PHO,Charles Barkley,27.8,8.8,1.8,False,1.4367045673370356,0.8110102273650327,1.9698120284684681,1.4058422743901788
1994,POR,Rod Strickland,24.8,4.8,0.5,False,1.1576370356527432,0.47180579444100523,0.1204092008508189,0.5832840103148558
1994,SAS,Jack Haley,57.9,23.1,0.2,False,4.236682135236102,2.0236660750684305,-0.3063760670609463,1.9846573810811956
1994,SEA,Detlef Schrempf,20.9,5.1,0.9,False,0.7948492444631629,0.49724612691030723,0.6894562247331725,0.6605171987022141
1994,UTA,Karl Malone,24.6,6.5,3.1,False,1.1390325335404572,0.6159676784337168,3.819214856086117,1.8580716893534304
1995,ATL,Steve Smith,17.5,4.3,0.3,False,0.47857270855429834,0.4294052403255018,-0.1641143110903579,0.24795454592981406
1995,BOS,Dominique Wilkins,19.5,6.1,0.4,False,0.6646177296771599,0.5820472351413141,-0.021852555119769468,0.4082708032329015
1995,CHH,Alonzo Mourning,21.3,5.4,0.6,False,0.8320582486877354,0.5226864593796093,0.26267095682140723,0.5391385549629173
1995,CHI,Michael Jordan,24.8,8.0,1.3,False,1.1576370356527432,0.7431693407802272,1.258503248615526,1.0531032083494989
1995,CLE,Danny Ferry,21.8,10.1,0.3,False,0.8785695039684508,0.9212516680653415,-0.1641143110903579,0.545235620314478
1995,DEN,Bryant Stith,22.4,6.4,0.4,False,0.9343830103053091,0.6074875676106162,-0.021852555119769468,0.5066726742653852
1995,HOU,Hakeem Olajuwon,26.7,5.4,2.8,True,1.3343798057194616,0.5226864593796093,3.3924295881743514,1.7498319510911406
1995,IND,Reggie Miller,21.8,6.9,2.6,False,0.8785695039684508,0.6498881217261196,3.107906076233175,1.5454545673092486
1995,LAL,Nick Van Exel,16.5,3.7,1.3,False,0.38555019799286755,0.3785245753868977,1.258503248615526,0.6741926739984304
1995,NYK,Monty Williams,38.3,12.0,0.0,False,2.4134409282320584,1.0823737737042545,-0.5908995790021231,0.9683050409780632
1995,ORL,Brooks Thompson,49.8,33.3,0.1,False,3.4831997996885127,2.8886373790246997,-0.4486378230315347,1.9743997852272257
1995,PHO,Kevin Johnson,27.4,7.9,1.9,False,1.399495563112463,0.7346892299571265,2.112073784439056,1.4154195258362152
1995,POR,James Robinson,65.5,46.2,0.1,False,4.943653215502977,3.9825716752046882,-0.4486378230315347,2.8258623558920437
1995,SAS,David Robinson,22.6,6.1,2.3,False,0.9529875124175955,0.5820472351413141,2.6811208083214098,1.4053851852934398
1995,SEA,Steve Scheffler,97.6,52.8,0.0,False,7.929675804524905,4.5422589895293335,-0.5908995790021231,3.9603450716840385
1995,UTA,Bryon Russell,40.0,16.8,0.1,False,2.571579196186491,1.4894190932130875,-0.4486378230315347,1.2041201554560146
1996,ATL,Steve Smith,19.8,4.2,1.2,False,0.6925244828455892,0.42092512950240113,1.1162414926449375,0.743230368330976
1996,CHI,Michael Jordan,26.7,10.7,4.7,True,1.3343798057194616,0.9721323330039456,6.095402951615531,2.800638363446313
1996,CLE,Dan Majerle,25.4,12.3,0.4,False,1.2134505419896016,1.1078141061735567,-0.021852555119769468,0.7664706976811294
1996,DET,Grant Hill,21.9,4.7,0.3,False,0.8878717550245937,0.46332568361790455,-0.1641143110903579,0.39569437585071343
1996,HOU,Hakeem Olajuwon,20.0,3.1,0.5,False,0.7111289849578754,0.3276439104482936,0.1204092008508189,0.38639403208566264
1996,IND,Reggie Miller,35.8,18.2,0.3,False,2.1808846518284812,1.608140644736497,-0.1641143110903579,1.2083036618248735
1996,LAL,Eddie Jones,17.9,6.2,0.7,False,0.5157817127788705,0.5905273459644148,0.4049327127919956,0.503747257178427
1996,MIA,Tony Smith,16.0,7.4,0.1,False,0.3390389427121521,0.6922886758416231,-0.4486378230315347,0.19422993184074686
1996,NYK,Gary Grant,33.6,25.8,0.0,False,1.9762351285933342,2.252629067292149,-0.5908995790021231,1.2126548722944535
1996,ORL,Anfernee Hardaway,24.5,7.4,1.9,False,1.1297302824843138,0.6922886758416231,2.112073784439056,1.3113642475883311
1996,PHO,Charles Barkley,27.5,8.0,0.7,False,1.4087978141686062,0.7431693407802272,0.4049327127919956,0.8522999559136096
1996,POR,Arvydas Sabonis,24.7,7.7,0.7,False,1.1483347845965999,0.7177290083109251,0.4049327127919956,0.7569988352331736
1996,SAC,Olden Polynice,18.7,2.7,0.5,False,0.5901997212280152,0.29372346715589087,0.1204092008508189,0.33477746307824163
1996,SAS,David Robinson,29.1,6.7,1.6,False,1.5576338310668956,0.6329279000799183,1.6852885165272913,1.291950082558035
1996,SEA,Shawn Kemp,23.6,4.8,3.0,False,1.0460100229790263,0.47180579444100523,3.6769531001155284,1.7315896391785202
1996,UTA,Jeff Hornacek,20.1,6.1,3.1,False,0.7204312360140185,0.5820472351413141,3.819214856086117,1.7072311090804833
1997,ATL,Dikembe Mutombo,21.1,6.3,1.8,False,0.8134537465754493,0.5990074567875154,1.9698120284684681,1.1274244106104776
1997,CHH,Glen Rice,23.7,6.0,0.5,False,1.0553122740351693,0.5735671243182134,0.1204092008508189,0.5830961997347338
1997,CHI,Michael Jordan,27.1,9.9,3.9,True,1.371588809944034,0.9042914464191402,4.957308903850824,2.411063053404666
1997,DET,Don Reid,77.4,35.1,0.1,False,6.050621091184004,3.041279373840512,-0.4486378230315347,2.881087547330994
1997,HOU,Hakeem Olajuwon,27.6,9.2,3.0,False,1.4181000652247495,0.8449306706574353,3.6769531001155284,1.9799946119992378
1997,LAC,Loy Vaught,21.4,3.1,0.2,False,0.8413604997438783,0.3276439104482936,-0.3063760670609463,0.28754278104374187
1997,LAL,Shaquille O'Neal,29.0,7.2,1.5,False,1.5483315800107522,0.6753284541954216,1.5430267605567027,1.2555622649209588
1997,MIA,Tim Hardaway,15.9,4.1,1.7,False,0.3297366916560091,0.4124450186793004,1.8275502724978796,0.856577327611063
1997,MIN,Shane Heal,105.2,169.4,0.0,False,8.63664688479178,14.430068209264732,-0.5908995790021231,7.49193850501813
1997,NYK,Walter McCarty,58.9,43.4,0.0,False,4.329704645797533,3.745128572157869,-0.5908995790021231,2.4946445463177596
1997,ORL,Anfernee Hardaway,29.9,11.9,1.1,False,1.63205183951604,1.073893662881154,0.9739797366743493,1.226641746357181
1997,PHO,Wesley Person,18.8,6.4,0.4,False,0.5995019722841585,0.6074875676106162,-0.021852555119769468,0.39504566159166843
1997,POR,Rasheed Wallace,19.6,3.8,0.4,False,0.6739199807333032,0.3870046862099984,-0.021852555119769468,0.346357370607844
1997,SEA,Larry Stewart,36.4,19.8,0.1,False,2.23669815816534,1.743822417906108,-0.4486378230315347,1.1772942510133044
1997,UTA,John Stockton,22.7,7.8,3.1,False,0.9622897634737384,0.7262091191340257,3.819214856086117,1.8359045795646274
1997,WSB,Tracy Murray,28.6,12.8,0.6,False,1.5111225757861801,1.1502146602890602,0.26267095682140723,0.9746693976322159
1998,ATL,Steve Smith,24.2,7.6,0.9,False,1.1018235293158847,0.7092488974878244,0.6894562247331725,0.8335095505122938
1998,CHH,Glen Rice,18.2,2.4,0.8,False,0.5436884659472998,0.2682831346865888,0.5471944687625842,0.4530553564654909
1998,CHI,Michael Jordan,28.1,9.0,4.8,True,1.464611320505465,0.8279704490112341,6.237664707586119,2.843415492367606
1998,CLE,Shawn Kemp,25.9,6.4,0.6,False,1.2599617972703168,0.6074875676106162,0.26267095682140723,0.7100401072341134
1998,HOU,Rodrick Rhodes,30.8,15.2,0.0,False,1.715772099021328,1.3537373200434764,-0.5908995790021231,0.8262032800208937
1998,IND,Reggie Miller,17.4,4.1,2.0,False,0.4692704574981551,0.4124450186793004,2.254335540409645,1.0453503388623668
1998,LAL,Shaquille O'Neal,31.0,7.8,2.1,False,1.734376601133614,0.7262091191340257,2.396597296380233,1.619061005549291
1998,MIA,Tim Hardaway,21.7,6.8,0.8,False,0.8692672529123076,0.6414080109030189,0.5471944687625842,0.6859565775259702
1998,MIN,DeJuan Wheat,40.3,27.9,0.0,False,2.59948594935492,2.4307113945772634,-0.5908995790021231,1.4797659216433534
1998,NJN,David Vaughn,40.7,90.4,0.0,False,2.636694953579493,7.730780659015192,-0.5908995790021231,3.2588586778641875
1998,NYK,John Starks,20.5,7.8,1.4,False,0.7576402402385907,0.7262091191340257,1.4007650045861144,0.9615381213195769
1998,PHO,Marko Milič,48.3,27.8,0.0,False,3.3436660338463664,2.422231283754163,-0.5908995790021231,1.724999246199469
1998,POR,Walt Williams,20.5,6.4,0.5,False,0.7576402402385907,0.6074875676106162,0.1204092008508189,0.49517900290000855
1998,SAS,David Robinson,24.1,6.1,1.3,False,1.0925212782597418,0.5820472351413141,1.258503248615526,0.9776905873388606
1998,SEA,Gary Payton,23.0,5.4,1.5,False,0.9901965166421677,0.5226864593796093,1.5430267605567027,1.0186365788594933
1998,UTA,Karl Malone,24.2,7.1,3.0,False,1.1018235293158847,0.6668483433723209,3.6769531001155284,1.8152083242679113
1999,ATL,Dikembe Mutombo,20.5,4.3,1.6,False,0.7576402402385907,0.4294052403255018,1.6852885165272913,0.9574446656971279
1999,DET,Grant Hill,29.3,12.2,0.8,False,1.5762383331791818,1.099333995350456,0.5471944687625842,1.0742555990974074
1999,HOU,Matt Bullard,48.4,24.6,0.1,False,3.3529682849025098,2.150867737414941,-0.4486378230315347,1.6850660664286385
1999,IND,Austin Croshere,107.0,22.0,0.0,False,8.804087403802354,1.9303848560143229,-0.5908995790021231,3.381190893604851
1999,LAL,Shaquille O'Neal,28.8,6.0,1.2,False,1.5297270778984666,0.5735671243182134,1.1162414926449375,1.0731785649538725
1999,MIA,Voshon Lenard,29.6,15.0,0.3,False,1.604145086347611,1.336777098397275,-0.1641143110903579,0.9256026245515093
1999,MIL,Ray Allen,23.7,6.0,0.3,False,1.0553122740351693,0.5735671243182134,-0.1641143110903579,0.4882550290876749
1999,MIN,Kevin Garnett,24.1,8.1,0.5,False,1.0925212782597418,0.7516494516033279,0.1204092008508189,0.6548599769046295
1999,NYK,Marcus Camby,24.8,6.9,3.0,False,1.1576370356527432,0.6498881217261196,3.6769531001155284,1.8281594191647972
1999,ORL,Anfernee Hardaway,18.4,5.0,0.4,False,0.562292968059586,0.4887660160872066,-0.021852555119769468,0.3430688096756744
1999,PHI,Allen Iverson,22.6,6.2,1.0,False,0.9529875124175955,0.5905273459644148,0.8317179807037609,0.7917442796952571
1999,PHO,Gerald Brown,93.6,47.5,0.0,False,7.5575857622791816,4.092813115904997,-0.5908995790021231,3.6864997663940184
1999,POR,Rasheed Wallace,18.3,4.0,1.5,False,0.552990717003443,0.40396490785619976,1.5430267605567027,0.8333274618054486
1999,SAC,Jerome James,43.5,4.6,0.0,False,2.897157983151499,0.4548455727948038,-0.5908995790021231,0.9203679923147265
1999,SAS,Tim Duncan,25.1,6.6,3.7,True,1.1855437888211724,0.6244477892568175,4.672785391909647,2.160925656662546
1999,UTA,Karl Malone,21.2,4.5,1.3,False,0.8227559976315922,0.4463654619717032,1.258503248615526,0.8425415694062739
2000,CHH,Derrick Coleman,22.8,5.8,0.6,False,0.9715920145298816,0.5566069026720121,0.26267095682140723,0.5969566246744337
2000,DET,Mikki Moore,17.7,0.5,0.2,False,0.49717721066658443,0.10716102904767581,-0.3063760670609463,0.09932072421777133
2000,IND,Reggie Miller,21.8,5.7,3.6,False,0.8785695039684508,0.5481267918489114,4.530523635939059,1.9857399772521405
2000,LAL,Shaquille O'Neal,30.5,8.1,4.7,True,1.6878653458528985,0.7516494516033279,6.095402951615531,2.844972583023919
2000,MIA,Alonzo Mourning,23.8,5.5,1.7,False,1.0646145250913124,0.53116657020271,1.8275502724978796,1.141110455930634
2000,MIL,Ray Allen,22.7,5.8,0.7,False,0.9622897634737384,0.5566069026720121,0.4049327127919956,0.6412764596459154
2000,MIN,Bobby Jackson,26.5,12.8,0.2,False,1.3157753036071755,1.1502146602890602,-0.3063760670609463,0.7198712989450965
2000,NYK,Charlie Ward,20.3,7.1,1.9,False,0.7390357381263046,0.6668483433723209,2.112073784439056,1.1726526219792273
2000,PHI,Matt Geiger,24.0,2.1,0.6,False,1.0832190272035984,0.24284280221728677,0.26267095682140723,0.5295775954140974
2000,PHO,Anfernee Hardaway,18.3,5.6,1.1,False,0.552990717003443,0.5396466810258107,0.9739797366743493,0.6888723782345344
2000,POR,Steve Smith,18.5,5.7,2.5,False,0.5715952191157291,0.5481267918489114,2.9656443202625864,1.3617887770757424
2000,SAC,Chris Webber,27.1,9.5,0.6,False,1.371588809944034,0.8703710031267374,0.26267095682140723,0.834876923297393
2000,SAS,David Robinson,25.6,8.4,0.7,False,1.2320550441018878,0.77708978407263,0.4049327127919956,0.8046925136555045
2000,SEA,Shammond Williams,27.9,12.2,0.6,False,1.4460068183931785,1.099333995350456,0.26267095682140723,0.9360039235216807
2000,TOR,Vince Carter,18.2,4.4,0.3,False,0.5436884659472998,0.4378853511486025,-0.1641143110903579,0.27248650200184815
2000,UTA,Karl Malone,25.8,7.3,1.6,False,1.250659546214174,0.6838085650185223,1.6852885165272913,1.2065855425866625
2001,CHH,Baron Davis,21.4,7.2,1.9,False,0.8413604997438783,0.6753284541954216,2.112073784439056,1.209587579459452
2001,DAL,Dirk Nowitzki,22.3,6.3,1.7,False,0.9250807592491662,0.5990074567875154,1.8275502724978796,1.1172128295115205
2001,IND,Reggie Miller,24.6,9.4,0.7,False,1.1390325335404572,0.8618908923036368,0.4049327127919956,0.8019520462120299
2001,LAL,Shaquille O'Neal,28.7,6.5,3.7,True,1.5204248268423233,0.6159676784337168,4.672785391909647,2.2697259657285627
2001,MIA,Eddie Jones,18.8,5.7,0.2,False,0.5995019722841585,0.5481267918489114,-0.3063760670609463,0.2804175656907078
2001,MIL,Ray Allen,23.7,8.3,3.6,False,1.0553122740351693,0.7686096732495293,4.530523635939059,2.1181485277412526
2001,MIN,Kevin Garnett,24.9,10.1,0.9,False,1.1669392867088861,0.9212516680653415,0.6894562247331725,0.9258823931691333
2001,NYK,Allan Houston,20.4,5.0,0.8,False,0.7483379891824475,0.4887660160872066,0.5471944687625842,0.5947661580107461
2001,ORL,Tracy McGrady,26.8,8.1,0.5,False,1.3436820567756047,0.7516494516033279,0.1204092008508189,0.7385802364099172
2001,PHI,Dikembe Mutombo,19.7,3.1,3.8,False,0.683222231789446,0.3276439104482936,4.815047147880235,1.9419710967059916
2001,PHO,Elliot Perry,41.5,22.6,0.2,False,2.711112962028637,1.981265520952927,-0.3063760670609463,1.4620008053068725
2001,POR,Rod Strickland,20.8,5.1,0.0,False,0.78554699340702,0.49724612691030723,-0.5908995790021231,0.2306311804384014
2001,SAC,Peja Stojaković,17.2,2.7,1.1,False,0.450665955385869,0.29372346715589087,0.9739797366743493,0.5727897197387031
2001,SAS,Tim Duncan,25.4,6.9,1.9,False,1.2134505419896016,0.6498881217261196,2.112073784439056,1.3251374827182592
2001,TOR,Vince Carter,23.0,7.0,2.0,False,0.9901965166421677,0.6583682325492203,2.254335540409645,1.3009667632003443
2001,UTA,John Stockton,21.9,8.4,0.8,False,0.8878717550245937,0.77708978407263,0.5471944687625842,0.7373853359532693
2002,BOS,Kedrick Brown,94.7,82.9,0.0,False,7.659910523896756,7.094772347282641,-0.5908995790021231,4.721261097392425
2002,CHH,Kirk Haston,36.2,19.5,0.0,False,2.218093656053054,1.718382085436806,-0.5908995790021231,1.115192054162579
2002,DAL,Dirk Nowitzki,24.8,6.4,1.4,False,1.1576370356527432,0.6074875676106162,1.4007650045861144,1.0552965359498245
2002,DET,Ben Wallace,16.4,2.6,1.4,False,0.3762479469367243,0.2852433563327902,1.4007650045861144,0.6874187692852095
2002,IND,Bruno Šundov,45.9,15.3,0.0,False,3.1204120084989326,1.362217430866577,-0.5908995790021231,1.2972432867877954
2002,LAL,Shaquille O'Neal,28.3,7.5,3.8,True,1.483215822617751,0.7007687866647238,4.815047147880235,2.333010585720903
2002,MIN,Kevin Garnett,25.5,6.3,0.3,False,1.2227527930457447,0.5990074567875154,-0.1641143110903579,0.552548646247634
2002,NJN,Jason Kidd,21.7,6.0,2.3,False,0.8692672529123076,0.5735671243182134,2.6811208083214098,1.3746517285173103
2002,ORL,Tracy McGrady,25.6,8.1,0.6,False,1.2320550441018878,0.7516494516033279,0.26267095682140723,0.7487918175088742
2002,PHI,Allen Iverson,24.3,5.8,0.6,False,1.1111257803720278,0.5566069026720121,0.26267095682140723,0.6434678799551491
2002,POR,Scottie Pippen,21.5,8.4,0.3,False,0.8506627508000215,0.77708978407263,-0.1641143110903579,0.4878794079274312
2002,SAC,Chris Webber,22.1,5.6,2.2,False,0.9064762571368801,0.5396466810258107,2.538859052350822,1.3283273301711709
2002,SAS,Tim Duncan,31.8,11.4,2.0,False,1.808794609582759,1.0314931087656505,2.254335540409645,1.698207752919351
2002,SEA,Olumide Oyedeji,27.9,3.5,0.1,False,1.4460068183931785,0.36156435374069634,-0.4486378230315347,0.45297778303411335
2002,TOR,Dell Curry,18.9,8.6,0.2,False,0.6088042233403013,0.7940500057188312,-0.3063760670609463,0.3654927206660621
2002,UTA,John Stockton,22.2,8.6,0.7,False,0.915778508193023,0.7940500057188312,0.4049327127919956,0.7049204089012834
2003,BOS,Paul Pierce,23.0,6.3,1.7,False,0.9901965166421677,0.5990074567875154,1.8275502724978796,1.1389180819758542
2003,DAL,Dirk Nowitzki,23.2,5.0,2.6,False,1.0088010187544538,0.4887660160872066,3.107906076233175,1.5351577036916118
2003,DET,Ben Wallace,20.0,5.7,3.1,False,0.7111289849578754,0.5481267918489114,3.819214856086117,1.6928235442976345
2003,IND,Jermaine O'Neal,22.1,2.7,0.9,False,0.9064762571368801,0.29372346715589087,0.6894562247331725,0.6298853163419812
2003,LAL,Shaquille O'Neal,30.6,8.4,2.4,False,1.6971675969090416,0.77708978407263,2.823382564291998,1.7658799817578898
2003,MIL,Toni Kukoč,22.0,7.7,0.6,False,0.8971740060807369,0.7177290083109251,0.26267095682140723,0.6258579904043564
2003,MIN,Kevin Garnett,25.0,7.0,0.8,False,1.1762415377650293,0.6583682325492203,0.5471944687625842,0.7939347463589446
2003,NJN,Jason Kidd,19.2,5.5,2.6,False,0.6367109765087307,0.53116657020271,3.107906076233175,1.4252612076482052
2003,NOH,Baron Davis,21.2,5.7,0.6,False,0.8227559976315922,0.5481267918489114,0.26267095682140723,0.5445179154339702
2003,ORL,Tracy McGrady,27.0,10.6,1.2,False,1.362286558887891,0.9636522221808449,1.1162414926449375,1.1473934245712245
2003,PHI,Allen Iverson,23.6,5.8,1.6,False,1.0460100229790263,0.5566069026720121,1.6852885165272913,1.0959684807261099
2003,PHO,Shawn Marion,16.2,4.7,0.7,False,0.3576434448244382,0.46332568361790455,0.4049327127919956,0.40863394707811285
2003,POR,Arvydas Sabonis,32.0,8.3,0.5,False,1.8273991116950448,0.7686096732495293,0.1204092008508189,0.9054726619317978
2003,SAC,Peja Stojaković,21.6,5.5,2.0,False,0.8599650018561648,0.53116657020271,2.254335540409645,1.2151557041561731
2003,SAS,Tim Duncan,28.4,10.2,5.9,True,1.4925180736738937,0.9297317788884422,7.802544023262593,3.408264625274976
2003,UTA,DeShawn Stevenson,21.1,5.8,0.1,False,0.8134537465754493,0.5566069026720121,-0.4486378230315347,0.30714094207197556
2004,BOS,Brandon Hunter,17.9,3.1,0.0,False,0.5157817127788705,0.3276439104482936,-0.5908995790021231,0.0841753480750137
2004,DAL,Dirk Nowitzki,27.5,9.5,1.3,False,1.4087978141686062,0.8703710031267374,1.258503248615526,1.1792240219702899
2004,DEN,Earl Boykins,23.5,7.3,0.4,False,1.036707771922883,0.6838085650185223,-0.021852555119769468,0.566221260607212
2004,DET,Chauncey Billups,18.8,4.6,3.7,True,0.5995019722841585,0.4548455727948038,4.672785391909647,1.9090443123295364
2004,HOU,Steve Francis,19.9,4.9,0.7,False,0.7018267339017321,0.4802859052641059,0.4049327127919956,0.529015117319278
2004,IND,Jermaine O'Neal,19.4,1.6,1.8,False,0.6553154786210167,0.20044224810178335,1.9698120284684681,0.9418565850637561
2004,LAL,Shaquille O'Neal,24.8,5.5,3.9,False,1.1576370356527432,0.53116657020271,4.957308903850824,2.2153708365687588
2004,MEM,Pau Gasol,29.4,9.6,0.6,False,1.5855405842353245,0.8788511139498381,0.26267095682140723,0.90902088500219
2004,MIA,Caron Butler,15.4,2.4,1.4,False,0.2832254363752937,0.2682831346865888,1.4007650045861144,0.6507578585493323
2004,MIL,Marcus Haislip,46.2,17.1,0.0,False,3.1483187616673622,1.5148594256823895,-0.5908995790021231,1.357426202782543
2004,MIN,Kevin Garnett,25.0,6.5,2.7,False,1.1762415377650293,0.6159676784337168,3.2501678322037635,1.6807923494675032
2004,NJN,Kenyon Martin,21.0,3.0,1.8,False,0.8041514955193061,0.3191637996251929,1.9698120284684681,1.0310424412043224
2004,NOH,Baron Davis,20.4,6.2,0.9,False,0.7483379891824475,0.5905273459644148,0.6894562247331725,0.6761071866266782
2004,NYK,Vin Baker,19.5,3.0,0.2,False,0.6646177296771599,0.3191637996251929,-0.3063760670609463,0.2258018207471355
2004,SAC,Mike Bibby,20.0,4.5,1.5,False,0.7111289849578754,0.4463654619717032,1.5430267605567027,0.9001737358287604
2004,SAS,Charlie Ward,39.1,24.9,0.1,False,2.4878589366812034,2.1763080698842425,-0.4486378230315347,1.4051763945113036
2005,BOS,Paul Pierce,27.5,11.5,1.7,False,1.4087978141686062,1.0399732195887512,1.8275502724978796,1.4254404354184125
2005,CHI,Kirk Hinrich,20.7,6.8,0.7,False,0.7762447423508768,0.6414080109030189,0.4049327127919956,0.6075284886819637
2005,DAL,Jason Terry,18.8,4.5,1.4,False,0.5995019722841585,0.4463654619717032,1.4007650045861144,0.8155441462806587
2005,DEN,DerMarr Johnson,16.7,6.3,0.3,False,0.40415470010515364,0.5990074567875154,-0.1641143110903579,0.2796826152674371
2005,DET,Chauncey Billups,20.0,6.3,4.6,False,0.7111289849578754,0.5990074567875154,5.9531411956449425,2.421092545796778
2005,HOU,Tracy McGrady,27.2,9.7,1.0,False,1.380891061000177,0.8873312247729388,0.8317179807037609,1.033313422158959
2005,IND,Jeff Foster,21.8,4.6,1.3,False,0.8785695039684508,0.4548455727948038,1.258503248615526,0.8639727751262601
2005,MEM,Bonzi Wells,27.3,8.5,0.1,False,1.3901933120563201,0.7855698948957306,-0.4486378230315347,0.5757084613068387
2005,MIA,Dwyane Wade,24.3,5.9,2.1,False,1.1111257803720278,0.5650870134951128,2.396597296380233,1.3576033634157911
2005,NJN,Nenad Krstić,17.2,2.0,0.4,False,0.450665955385869,0.23436269139418606,-0.021852555119769468,0.2210586972200952
2005,PHI,Allen Iverson,23.6,7.0,0.7,False,1.0460100229790263,0.6583682325492203,0.4049327127919956,0.7031036561067475
2005,PHO,Amar'e Stoudemire,27.6,4.4,2.7,False,1.4181000652247495,0.4378853511486025,3.2501678322037635,1.7020510828590385
2005,SAC,Peja Stojaković,19.1,3.3,0.6,False,0.6274087254525877,0.344604132094495,0.26267095682140723,0.41156127145616334
2005,SAS,Manu Ginóbili,24.8,9.2,4.2,True,1.1576370356527432,0.8449306706574353,5.384094171762589,2.462220626024256
2005,SEA,Ray Allen,23.5,7.1,1.6,False,1.036707771922883,0.6668483433723209,1.6852885165272913,1.1296148772741652
2005,WAS,Brendan Haywood,18.8,3.1,1.1,False,0.5995019722841585,0.3276439104482936,0.9739797366743493,0.6337085398022672
2006,CHI,Andrés Nocioni,21.1,5.6,0.9,False,0.8134537465754493,0.5396466810258107,0.6894562247331725,0.6808522174448108
2006,CLE,LeBron James,23.2,7.5,1.7,False,1.0088010187544538,0.7007687866647238,1.8275502724978796,1.1790400259723526
2006,DAL,Dirk Nowitzki,26.8,9.2,5.4,False,1.3436820567756047,0.8449306706574353,7.091235243409651,3.0932826569475638
2006,DEN,Marcus Camby,15.9,3.0,0.4,False,0.3297366916560091,0.3191637996251929,-0.021852555119769468,0.2090159787204775
2006,DET,Chauncey Billups,19.1,4.4,2.7,False,0.6274087254525877,0.4378853511486025,3.2501678322037635,1.4384873029349847
2006,IND,Anthony Johnson,19.6,4.1,0.8,False,0.6739199807333032,0.4124450186793004,0.5471944687625842,0.5445198227250625
2006,LAC,Elton Brand,26.4,7.2,2.4,False,1.3064730525510322,0.6753284541954216,2.823382564291998,1.601728023679484
2006,LAL,Kobe Bryant,19.9,2.4,0.6,False,0.7018267339017321,0.2682831346865888,0.26267095682140723,0.4109269418032427
2006,MEM,Antonio Burks,19.2,11.1,0.1,False,0.6367109765087307,1.0060527762963483,-0.4486378230315347,0.3980419765911814
2006,MIA,Dwyane Wade,26.9,9.3,4.8,True,1.3529843078317476,0.8534107814805362,6.237664707586119,2.814686598966134
2006,MIL,Dan Gadzuric,51.7,20.5,0.1,False,3.6599425697552315,1.8031831936678127,-0.4486378230315347,1.671495980130503
2006,NJN,Vince Carter,26.8,9.4,1.9,False,1.3436820567756047,0.8618908923036368,2.112073784439056,1.4392155778394324
2006,PHO,Shawn Marion,20.9,3.5,2.7,False,0.7948492444631629,0.36156435374069634,3.2501678322037635,1.4688604768025408
2006,SAC,Bonzi Wells,24.1,4.2,0.7,False,1.0925212782597418,0.42092512950240113,0.4049327127919956,0.6394597068513795
2006,SAS,Tim Duncan,30.4,8.6,2.6,False,1.6785630947967554,0.7940500057188312,3.107906076233175,1.860173058916254
2006,WAS,Gilbert Arenas,26.4,8.2,1.3,False,1.3064730525510322,0.7601295624264285,1.258503248615526,1.1083686211976622
2007,CHI,Luol Deng,21.7,5.4,1.6,False,0.8692672529123076,0.5226864593796093,1.6852885165272913,1.0257474096064028
2007,CLE,LeBron James,23.9,8.1,3.7,False,1.0739167761474553,0.7516494516033279,4.672785391909647,2.166117206553477
2007,DAL,Josh Howard,22.5,6.2,0.8,False,0.9436852613614523,0.5905273459644148,0.5471944687625842,0.6938023586961504
2007,DEN,Carmelo Anthony,22.1,5.2,0.6,False,0.9064762571368801,0.505726237733408,0.26267095682140723,0.5582911505638984
2007,DET,Chauncey Billups,18.7,4.0,2.5,False,0.5901997212280152,0.40396490785619976,2.9656443202625864,1.3199363164489337
2007,GSW,Baron Davis,26.8,8.6,2.3,False,1.3436820567756047,0.7940500057188312,2.6811208083214098,1.6062842902719485
2007,HOU,Vassilis Spanoulis,69.4,38.0,0.1,False,5.306441006692557,3.287202587710432,-0.4486378230315347,2.715001923790485
2007,LAL,Kobe Bryant,24.1,6.1,0.5,False,1.0925212782597418,0.5820472351413141,0.1204092008508189,0.5983259047506249
2007,MIA,Alonzo Mourning,20.0,5.7,0.2,False,0.7111289849578754,0.5481267918489114,-0.3063760670609463,0.3176265699152802
2007,NJN,Jason Kidd,22.0,8.6,2.1,False,0.8971740060807369,0.7940500057188312,2.396597296380233,1.3626071027266005
2007,ORL,Darko Miličić,20.5,3.9,0.3,False,0.7576402402385907,0.3954847970330991,-0.1641143110903579,0.32967024206044393
2007,PHO,Amar'e Stoudemire,29.6,5.7,1.9,False,1.604145086347611,0.5481267918489114,2.112073784439056,1.4214485542118596
2007,SAS,Tim Duncan,27.4,6.9,3.3,True,1.399495563112463,0.6498881217261196,4.103738368027294,2.0510406842886257
2007,TOR,Luke Jackson,35.6,12.7,0.1,False,2.162280149716196,1.1417345494659592,-0.4486378230315347,0.9517922920502069
2007,UTA,Carlos Boozer,24.2,5.1,2.5,False,1.1018235293158847,0.49724612691030723,2.9656443202625864,1.5215713254962593
2007,WAS,Antawn Jamison,26.5,5.2,0.5,False,1.3157753036071755,0.505726237733408,0.1204092008508189,0.6473035807304675
2008,ATL,Al Horford,14.9,2.1,0.4,False,0.23671418109457829,0.24284280221728677,-0.021852555119769468,0.15256814273069852
2008,BOS,Kevin Garnett,23.0,6.6,4.1,True,0.9901965166421677,0.6244477892568175,5.241832415792,2.285492240563662
2008,CLE,LeBron James,24.3,10.1,2.2,False,1.1111257803720278,0.9212516680653415,2.538859052350822,1.5237455002627305
2008,DAL,J.J. Barea,71.7,52.8,0.1,False,5.520392780983848,4.5422589895293335,-0.4486378230315347,3.2046713158272158
2008,DEN,J.R. Smith,22.8,7.3,0.5,False,0.9715920145298816,0.6838085650185223,0.1204092008508189,0.5919365934664076
2008,DET,Chauncey Billups,20.8,5.2,2.0,False,0.78554699340702,0.505726237733408,2.254335540409645,1.181869590516691
2008,HOU,Loren Woods,140.3,67.7,0.0,False,11.901737005498001,5.805795502171336,-0.5908995790021231,5.705544309555738
2008,LAL,Kobe Bryant,25.0,7.4,3.2,False,1.1762415377650293,0.6922886758416231,3.9614766120567055,1.9433356085544526
2008,NOH,Chris Paul,30.7,11.3,2.9,False,1.706469847965185,1.0230129979425497,3.53469134414494,2.0880580633508914
2008,ORL,James Augustine,54.8,29.8,0.0,False,3.9483123524956665,2.5918335002161763,-0.5908995790021231,1.9830820912365734
2008,PHI,Lou Amundson,33.9,3.5,0.1,False,2.004141881761763,0.36156435374069634,-0.4486378230315347,0.6390228041569749
2008,PHO,Raja Bell,13.7,4.2,0.8,False,0.12508716842086123,0.42092512950240113,0.5471944687625842,0.36440225556194883
2008,SAS,Tim Duncan,21.9,4.9,1.7,False,0.8878717550245937,0.4802859052641059,1.8275502724978796,1.0652359775955265
2008,TOR,Maceo Baston,55.6,88.8,0.0,False,4.022730360944811,7.59509888584558,-0.5908995790021231,3.6756432225960896
2008,UTA,Deron Williams,21.6,6.5,1.9,False,0.8599650018561648,0.6159676784337168,2.112073784439056,1.1960021549096458
2008,WAS,Brendan Haywood,19.7,3.1,0.8,False,0.683222231789446,0.3276439104482936,0.5471944687625842,0.519353537000108
2009,ATL,Othello Hunter,30.3,8.7,0.1,False,1.6692608437406127,0.802530116541932,-0.4486378230315347,0.67438437908367
2009,BOS,Rajon Rondo,19.7,4.1,1.6,False,0.683222231789446,0.4124450186793004,1.6852885165272913,0.926985255665346
2009,CHI,Anthony Roberson,107.1,79.3,0.1,False,8.813389654858497,6.789488357651015,-0.4486378230315347,5.051413396492659
2009,CLE,LeBron James,37.4,17.5,4.8,False,2.329720668726771,1.5487798689747923,6.237664707586119,3.3720550817625607
2009,DAL,Dirk Nowitzki,28.4,6.9,2.0,False,1.4925180736738937,0.6498881217261196,2.254335540409645,1.4655805786032194
2009,DEN,Chauncey Billups,22.9,6.1,3.2,False,0.9808942655860244,0.5820472351413141,3.9614766120567055,1.8414727042613481
2009,DET,Will Bynum,19.9,6.3,0.1,False,0.7018267339017321,0.5990074567875154,-0.4486378230315347,0.2840654558859043
2009,HOU,Yao Ming,21.5,3.8,1.4,False,0.8506627508000215,0.3870046862099984,1.4007650045861144,0.8794774805320448
2009,LAL,Kobe Bryant,26.8,9.1,4.7,True,1.3436820567756047,0.8364505598343347,6.095402951615531,2.7585118560751574
2009,MIA,Dwyane Wade,26.3,7.3,1.2,False,1.2971708014948893,0.6838085650185223,1.1162414926449375,1.032406953052783
2009,NOH,Chris Paul,16.1,1.5,-0.1,False,0.34834119376829537,0.19196213727868264,-0.7331613349727114,-0.0642860013085778
2009,ORL,Dwight Howard,25.5,6.2,4.5,False,1.2227527930457447,0.5905273459644148,5.810879439674355,2.5413865262281714
2009,PHI,Andre Iguodala,18.0,4.5,0.4,False,0.5250839638350138,0.4463654619717032,-0.021852555119769468,0.3165322902289825
2009,POR,Brandon Roy,25.9,7.4,0.8,False,1.2599617972703168,0.6922886758416231,0.5471944687625842,0.8331483139581747
2009,SAS,Tim Duncan,27.3,6.7,0.6,False,1.3901933120563201,0.6329279000799183,0.26267095682140723,0.7619307229858819
2009,UTA,Carlos Boozer,20.4,2.9,0.4,False,0.7483379891824475,0.31068368880209224,-0.021852555119769468,0.34572304095492346
2010,ATL,Al Horford,20.1,3.7,1.2,False,0.7204312360140185,0.3785245753868977,1.1162414926449375,0.7383991013486179
2010,BOS,Rajon Rondo,17.8,3.9,2.7,False,0.5064794617227276,0.3954847970330991,3.2501678322037635,1.3840440303198633
2010,CHA,Derrick Brown,90.6,59.1,0.0,False,7.278518230594889,5.076505971384677,-0.5908995790021231,3.921374874325814
2010,CHI,Devin Brown,41.0,13.8,0.0,False,2.6646017067479217,1.235015768520067,-0.5908995790021231,1.1029059654219553
2010,CLE,LeBron James,28.6,11.5,2.3,False,1.5111225757861801,1.0399732195887512,2.6811208083214098,1.7440722012321137
2010,DAL,Dirk Nowitzki,28.3,10.7,1.4,False,1.483215822617751,0.9721323330039456,1.4007650045861144,1.2853710534026037
2010,DEN,Joey Graham,32.9,8.7,0.1,False,1.9111193712003323,0.802530116541932,-0.4486378230315347,0.7550038882369098
2010,LAL,Pau Gasol,24.0,5.9,4.3,True,1.0832190272035984,0.5650870134951128,5.526355927733177,2.391553989477296
2010,MIA,Dwyane Wade,29.4,13.5,1.0,False,1.5855405842353245,1.209575436050765,0.8317179807037609,1.2089446669966168
2010,MIL,Brandon Jennings,17.7,3.5,0.6,False,0.49717721066658443,0.36156435374069634,0.26267095682140723,0.37380417374289604
2010,OKC,Russell Westbrook,24.3,8.2,0.9,False,1.1111257803720278,0.7601295624264285,0.6894562247331725,0.8535705225105429
2010,ORL,Jameer Nelson,20.9,5.2,2.2,False,0.7948492444631629,0.505726237733408,2.538859052350822,1.2798115115157975
2010,PHO,Jason Richardson,22.3,6.5,2.3,False,0.9250807592491662,0.6159676784337168,2.6811208083214098,1.4073897486680975
2010,POR,Jeff Ayres,27.7,9.7,0.1,False,1.4274023162808924,0.8873312247729388,-0.4486378230315347,0.6220319060074323
2010,SAS,Manu Ginóbili,21.4,7.1,1.1,False,0.8413604997438783,0.6668483433723209,0.9739797366743493,0.8273961932635162
2010,UTA,Sundiata Gaines,60.5,28.0,0.1,False,4.478540662695822,2.439191505400364,-0.4486378230315347,2.156364781688217
2011,ATL,Pape Sy,31.1,18.2,0.1,False,1.743678852189757,1.608140644736497,-0.4486378230315347,0.967727224631573
2011,BOS,Ray Allen,19.6,7.1,1.7,False,0.6739199807333032,0.6668483433723209,1.8275502724978796,1.0561061988678346
2011,CHI,Derrick Rose,22.5,6.9,2.2,False,0.9436852613614523,0.6498881217261196,2.538859052350822,1.3774774784794648
2011,DAL,Dirk Nowitzki,25.2,5.5,3.6,True,1.1948460398773153,0.53116657020271,4.530523635939059,2.0855120820063617
2011,DEN,Kosta Koufos,43.8,18.5,0.0,False,2.9250647363199276,1.633580977205799,-0.5908995790021231,1.3225820448412013
2011,IND,Danny Granger,22.0,6.6,0.6,False,0.8971740060807369,0.6244477892568175,0.26267095682140723,0.5947642507196539
2011,LAL,Andrew Bynum,20.6,0.8,1.0,False,0.7669424912947339,0.13260136151697788,0.8317179807037609,0.5770872778384909
2011,MEM,Zach Randolph,22.0,3.5,1.8,False,0.8971740060807369,0.36156435374069634,1.9698120284684681,1.0761834627633005
2011,MIA,Dwyane Wade,26.3,8.4,3.7,False,1.2971708014948893,0.77708978407263,4.672785391909647,2.249015325825722
2011,NOH,Patrick Ewing,75.9,49.9,0.0,False,5.911087325341857,4.296335775659413,-0.5908995790021231,3.205507840666382
2011,NYK,Carmelo Anthony,22.5,6.6,0.5,False,0.9436852613614523,0.6244477892568175,0.1204092008508189,0.5628474171563629
2011,OKC,Royal Ivey,57.0,42.3,0.1,False,4.152961875730814,3.6518473531037614,-0.4486378230315347,2.45205713526768
2011,ORL,Chris Duhon,53.8,30.6,0.1,False,3.8552898419342356,2.659674386800982,-0.4486378230315347,2.0221088019012274
2011,PHI,Jrue Holiday,17.2,4.8,0.4,False,0.450665955385869,0.47180579444100523,-0.021852555119769468,0.30020639823570155
2011,POR,Gerald Wallace,18.1,2.7,0.5,False,0.5343862148911569,0.29372346715589087,0.1204092008508189,0.31617296096595554
2011,SAS,Danny Green,26.0,16.1,0.0,False,1.2692640483264601,1.4300583174513828,-0.5908995790021231,0.7028075955919068
2012,ATL,Jeff Teague,14.3,2.8,0.7,False,0.18090067475771984,0.3022035779789915,0.4049327127919956,0.2960123218429023
2012,BOS,Rajon Rondo,22.0,6.4,2.6,False,0.8971740060807369,0.6074875676106162,3.107906076233175,1.5375225499748428
2012,CHI,Joakim Noah,28.7,11.9,0.7,False,1.5204248268423233,1.073893662881154,0.4049327127919956,0.999750400838491
2012,DAL,Kelenna Azubuike,21.6,14.5,0.0,False,0.8599650018561648,1.2943765442817716,-0.5908995790021231,0.5211473223786044
2012,DEN,Julyan Stone,33.2,12.3,0.0,False,1.9390261243687619,1.1078141061735567,-0.5908995790021231,0.8186468838467319
2012,IND,Darren Collison,23.2,8.3,1.0,False,1.0088010187544538,0.7686096732495293,0.8317179807037609,0.869709557569248
2012,LAC,Blake Griffin,20.8,2.8,1.0,False,0.78554699340702,0.3022035779789915,0.8317179807037609,0.6398228506965908
2012,LAL,Darius Morris,63.2,30.6,0.2,False,4.729701441211685,2.659674386800982,-0.3063760670609463,2.3609999203172403
2012,MEM,Marc Gasol,19.5,5.7,1.1,False,0.6646177296771599,0.5481267918489114,0.9739797366743493,0.728908086066807
2012,MIA,LeBron James,30.3,10.5,5.8,True,1.6692608437406127,0.9551721113577443,7.660282267292003,3.4282384074634535
2012,NYK,Jerome Jordan,36.1,8.6,0.0,False,2.208791404996911,0.7940500057188312,-0.5908995790021231,0.8039806105712063
2012,OKC,Kevin Durant,27.5,8.1,4.0,False,1.4087978141686062,0.7516494516033279,5.0995706598214126,2.4200059751977823
2012,ORL,Daniel Orton,20.0,3.0,0.1,False,0.7111289849578754,0.3191637996251929,-0.4486378230315347,0.19388498718384453
2012,PHI,Xavier Silas,37.9,16.2,0.0,False,2.3762319240074863,1.4385384282744833,-0.5908995790021231,1.0746235910932822
2012,SAS,Tim Duncan,22.9,5.0,1.8,False,0.9808942655860244,0.4887660160872066,1.9698120284684681,1.146490770047233
2012,UTA,Blake Ahearn,33.9,21.0,0.1,False,2.004141881761763,1.8455837477833161,-0.4486378230315347,1.1336959355045149
2013,ATL,Shelvin Mack,32.1,14.2,0.2,False,1.836701362751188,1.2689362118124696,-0.3063760670609463,0.9330871691675705
2013,BOS,Kevin Garnett,17.3,3.4,0.6,False,0.45996820644201225,0.35308424291759566,0.26267095682140723,0.358574468727005
2013,BRK,Brook Lopez,25.2,3.6,1.0,False,1.1948460398773153,0.3700444645637971,0.8317179807037609,0.7988694950482911
2013,CHI,Vladimir Radmanović,53.8,39.4,0.1,False,3.8552898419342356,3.4059241392338415,-0.4486378230315347,2.270858719378847
2013,DEN,Anthony Randolph,34.1,9.6,0.2,False,2.0227463838740496,0.8788511139498381,-0.3063760670609463,0.8650738102543137
2013,GSW,Stephen Curry,20.5,4.7,1.7,False,0.7576402402385907,0.46332568361790455,1.8275502724978796,1.0161720654514583
2013,HOU,Donatas Motiejūnas,53.6,25.0,0.1,False,3.83668533982195,2.1847881807073435,-0.4486378230315347,1.8576118991659192
2013,IND,Roy Hibbert,21.2,2.9,2.7,False,0.8227559976315922,0.31068368880209224,3.2501678322037635,1.4612025062124827
2013,LAC,Chris Paul,29.2,9.7,1.2,False,1.5669360821230387,0.8873312247729388,1.1162414926449375,1.190169599846972
2013,LAL,Pau Gasol,17.9,3.9,0.0,False,0.5157817127788705,0.3954847970330991,-0.5908995790021231,0.10678897693661553
2013,MEM,Marc Gasol,19.4,5.1,2.1,False,0.6553154786210167,0.49724612691030723,2.396597296380233,1.1830529673038523
2013,MIA,LeBron James,28.1,10.4,5.2,True,1.464611320505465,0.9466920005346436,6.806711731468473,3.0726716841695274
2013,MIL,Mike Dunleavy,24.7,9.2,0.4,False,1.1483347845965999,0.8449306706574353,-0.021852555119769468,0.6571376333780886
2013,NYK,Carmelo Anthony,20.4,2.9,1.1,False,0.7483379891824475,0.31068368880209224,0.9739797366743493,0.6776671382196297
2013,OKC,Kevin Durant,26.0,9.3,2.1,False,1.2692640483264601,0.8534107814805362,2.396597296380233,1.5064240420624098
2013,SAS,Kawhi Leonard,18.9,5.1,3.1,False,0.6088042233403013,0.49724612691030723,3.819214856086117,1.6417550687789086
2014,ATL,Dennis Schröder,34.3,18.1,0.0,False,2.0413508859863354,1.5996605339133965,-0.5908995790021231,1.0167039469658696
2014,BRK,Joe Johnson,20.3,3.8,1.5,False,0.7390357381263046,0.3870046862099984,1.5430267605567027,0.8896890616310019
2014,CHA,Kemba Walker,19.6,6.4,0.3,False,0.6739199807333032,0.6074875676106162,-0.1641143110903579,0.37243107908452044
2014,CHI,Taj Gibson,26.5,6.4,0.7,False,1.3157753036071755,0.6074875676106162,0.4049327127919956,0.7760651946699291
2014,DAL,DeJuan Blair,28.8,7.4,0.4,False,1.5297270778984666,0.6922886758416231,-0.021852555119769468,0.7333877328734401
2014,GSW,Stephen Curry,18.8,4.4,0.8,False,0.5995019722841585,0.4378853511486025,0.5471944687625842,0.5281939307317817
2014,HOU,Dwight Howard,27.2,5.7,0.9,False,1.380891061000177,0.5481267918489114,0.6894562247331725,0.8728246925274203
2014,IND,Paul George,20.5,5.9,2.7,False,0.7576402402385907,0.5650870134951128,3.2501678322037635,1.5242983619791557
2014,LAC,Chris Paul,23.6,8.8,1.9,False,1.0460100229790263,0.8110102273650327,2.112073784439056,1.3230313449277051
2014,MEM,Jon Leuer,22.1,6.9,0.1,False,0.9064762571368801,0.6498881217261196,-0.4486378230315347,0.369242185277155
2014,MIA,LeBron James,31.0,10.3,4.3,False,1.734376601133614,0.938211889711543,5.526355927733177,2.7329814728594446
2014,OKC,Russell Westbrook,24.9,7.6,2.5,False,1.1669392867088861,0.7092488974878244,2.9656443202625864,1.6139441681530988
2014,POR,Damian Lillard,19.3,4.9,1.3,False,0.6460132275648738,0.4802859052641059,1.258503248615526,0.7949341271481686
2014,SAS,Tim Duncan,21.1,3.1,3.2,True,0.8134537465754493,0.3276439104482936,3.9614766120567055,1.7008580896934828
2014,TOR,Patrick Patterson,17.4,4.8,0.7,False,0.4692704574981551,0.47180579444100523,0.4049327127919956,0.4486696549103853
2014,WAS,Trevor Ariza,17.6,5.2,1.7,False,0.4878749596104415,0.505726237733408,1.8275502724978796,0.9403838232805763
2015,ATL,DeMarre Carroll,16.8,2.7,1.8,False,0.4134569511612968,0.29372346715589087,1.9698120284684681,0.8923308155952187
2015,BOS,Jae Crowder,19.2,5.9,0.3,False,0.6367109765087307,0.5650870134951128,-0.1641143110903579,0.34589455963782845
2015,BRK,Brook Lopez,21.0,2.4,0.9,False,0.8041514955193061,0.2682831346865888,0.6894562247331725,0.5872969516463558
2015,CHI,Jimmy Butler,20.8,5.8,2.1,False,0.78554699340702,0.5566069026720121,2.396597296380233,1.2462503974864216
2015,CLE,LeBron James,25.3,7.9,3.0,False,1.2041482909334587,0.7346892299571265,3.6769531001155284,1.8719302070020378
2015,DAL,Al-Farouq Aminu,20.4,7.5,0.6,False,0.7483379891824475,0.7007687866647238,0.26267095682140723,0.5705925775561929
2015,GSW,Stephen Curry,24.5,8.8,3.9,True,1.1297302824843138,0.8110102273650327,4.957308903850824,2.2993498045667233
2015,HOU,James Harden,24.8,7.6,2.7,False,1.1576370356527432,0.7092488974878244,3.2501678322037635,1.7056845884481104
2015,LAC,Chris Paul,25.7,8.7,2.3,False,1.2413572951580307,0.802530116541932,2.6811208083214098,1.5750027400071243
2015,MEM,Jordan Adams,31.4,18.8,0.1,False,1.771585605358186,1.6590213096751012,-0.4486378230315347,0.9939896973339176
2015,MIL,Jared Dudley,17.2,6.2,0.3,False,0.450665955385869,0.5905273459644148,-0.1641143110903579,0.2923596634199753
2015,NOP,Alexis Ajinça,42.0,18.8,0.1,False,2.7576242173093526,1.6590213096751012,-0.4486378230315347,1.322669234650973
2015,POR,Meyers Leonard,19.6,8.4,0.5,False,0.6739199807333032,0.77708978407263,0.1204092008508189,0.5238063218855841
2015,SAS,Tim Duncan,24.2,7.5,1.2,False,1.1018235293158847,0.7007687866647238,1.1162414926449375,0.9729446028751821
2015,TOR,Greg Stiemsma,101.6,48.2,0.1,False,8.301765846770628,4.152173891666702,-0.4486378230315347,4.001767305135266
2015,WAS,Marcin Gortat,19.4,2.6,1.3,False,0.6553154786210167,0.2852433563327902,1.258503248615526,0.7330206945231109
2016,ATL,Kris Humphries,30.8,8.9,0.4,False,1.715772099021328,0.8194903381881333,-0.021852555119769468,0.8378032940298974
2016,BOS,Jordan Mickey,24.1,12.0,0.0,False,1.0925212782597418,1.0823737737042545,-0.5908995790021231,0.527998490987291
2016,CHO,Jeremy Lamb,39.5,18.0,0.1,False,2.5250679409057755,1.5911804230902955,-0.4486378230315347,1.2225368469881788
2016,CLE,Jordan McRae,110.5,57.8,0.2,True,9.129666190767363,4.966264530684367,-0.3063760670609463,4.596518218130261
2016,DAL,Zaza Pachulia,17.2,4.5,0.3,False,0.450665955385869,0.4463654619717032,-0.1641143110903579,0.24430570208907143
2016,DET,Spencer Dinwiddie,65.2,45.5,0.0,False,4.915746462334547,3.9232108994429833,-0.5908995790021231,2.7493525942584696
2016,GSW,Draymond Green,18.6,5.7,3.1,False,0.5808974701718723,0.5481267918489114,3.819214856086117,1.649413039368967
2016,HOU,James Harden,21.8,8.8,0.4,False,0.8785695039684508,0.8110102273650327,-0.021852555119769468,0.5559090587379046
2016,IND,Paul George,27.5,10.1,1.6,False,1.4087978141686062,0.9212516680653415,1.6852885165272913,1.3384459995870797
2016,LAC,Jeff Ayres,68.8,29.3,0.0,False,5.250627500355698,2.549432946100673,-0.5908995790021231,2.4030536224847494
2016,MEM,Vince Carter,19.4,5.7,0.3,False,0.6553154786210167,0.5481267918489114,-0.1641143110903579,0.3464426531265234
2016,MIA,Hassan Whiteside,24.3,5.8,1.7,False,1.1111257803720278,0.5566069026720121,1.8275502724978796,1.1650943185139733
2016,OKC,Russell Westbrook,26.9,9.1,2.9,False,1.3529843078317476,0.8364505598343347,3.53469134414494,1.908042070603674
2016,POR,Luis Montero,42.2,26.7,0.0,False,2.776228719421639,2.328950064700055,-0.5908995790021231,1.5047597350398572
2016,SAS,Kawhi Leonard,28.6,11.5,1.9,False,1.5111225757861801,1.0399732195887512,2.112073784439056,1.5543898599379957
2016,TOR,Jonas Valančiūnas,26.8,5.7,1.5,False,1.3436820567756047,0.5481267918489114,1.5430267605567027,1.1449452030604064
2017,ATL,Malcolm Delaney,105.5,52.0,0.1,False,8.664553637960209,4.474418102944528,-0.4486378230315347,4.230111305957734
2017,BOS,Al Horford,20.1,5.9,2.1,False,0.7204312360140185,0.5650870134951128,2.396597296380233,1.2273718486297882
2017,CHI,Robin Lopez,23.4,2.6,0.7,False,1.0274055208667399,0.2852433563327902,0.4049327127919956,0.572527196663842
2017,CLE,LeBron James,30.1,9.8,4.3,False,1.6506563416283262,0.8958113355960395,5.526355927733177,2.6909412016525143
2017,GSW,Stephen Curry,27.1,9.7,3.4,True,1.371588809944034,0.8873312247729388,4.246000123997882,2.168306719571618
2017,HOU,James Harden,23.0,7.0,1.3,False,0.9901965166421677,0.6583682325492203,1.258503248615526,0.969022665935638
2017,IND,Paul George,21.0,6.1,0.5,False,0.8041514955193061,0.5820472351413141,0.1204092008508189,0.5022026438371464
2017,LAC,Chris Paul,27.8,10.4,1.3,False,1.4367045673370356,0.9466920005346436,1.258503248615526,1.2139666054957352
2017,MEM,Mike Conley,27.4,11.0,1.0,False,1.399495563112463,0.9975726654732477,0.8317179807037609,1.076262069763157
2017,MIL,Greg Monroe,24.3,5.4,0.7,False,1.1111257803720278,0.5226864593796093,0.4049327127919956,0.6795816508478776
2017,OKC,Russell Westbrook,27.7,9.7,0.4,False,1.4274023162808924,0.8873312247729388,-0.021852555119769468,0.7642936619780206
2017,POR,Shabazz Napier,17.7,4.2,0.2,False,0.49717721066658443,0.42092512950240113,-0.3063760670609463,0.20390875770267977
2017,SAS,Kawhi Leonard,31.5,14.2,2.8,False,1.7808878564143293,1.2689362118124696,3.3924295881743514,2.1474178854670503
2017,TOR,Kyle Lowry,15.7,2.2,0.7,False,0.31113218954372285,0.25132291304038745,0.4049327127919956,0.3224626051253686
2017,UTA,Gordon Hayward,20.7,5.6,1.2,False,0.7762447423508768,0.5396466810258107,1.1162414926449375,0.8107109720072083
2017,WAS,John Wall,23.0,5.7,1.4,False,0.9901965166421677,0.5481267918489114,1.4007650045861144,0.9796961043590645
2018,BOS,Al Horford,20.1,4.4,2.7,False,0.7204312360140185,0.4378853511486025,3.2501678322037635,1.4694948064554616
2018,CLE,LeBron James,32.2,12.7,5.2,False,1.846003613807331,1.1417345494659592,6.806711731468473,3.264816631580588
2018,GSW,Kevin Durant,25.1,7.6,4.0,True,1.1855437888211724,0.7092488974878244,5.0995706598214126,2.3314544487101365
2018,HOU,Clint Capela,24.1,5.5,2.6,False,1.0925212782597418,0.53116657020271,3.107906076233175,1.5771979748985423
2018,IND,Victor Oladipo,22.0,7.6,0.9,False,0.8971740060807369,0.7092488974878244,0.6894562247331725,0.7652930427672446
2018,MIA,Kelly Olynyk,17.4,4.2,0.4,False,0.4692704574981551,0.42092512950240113,-0.021852555119769468,0.2894476772935956
2018,MIL,Giannis Antetokounmpo,26.6,7.1,1.4,False,1.3250775546633187,0.6668483433723209,1.4007650045861144,1.1308969675405847
2018,MIN,Nemanja Bjelica,21.6,8.7,0.2,False,0.8599650018561648,0.802530116541932,-0.3063760670609463,0.4520396837790501
2018,NOP,Anthony Davis,25.8,4.8,1.4,False,1.250659546214174,0.47180579444100523,1.4007650045861144,1.0410767817470978
2018,OKC,Terrance Ferguson,29.9,15.1,0.1,False,1.63205183951604,1.3452572092203756,-0.4486378230315347,0.8428904085682937
2018,PHI,Furkan Korkmaz,56.7,43.7,0.0,False,4.125055122562386,3.7705689046271713,-0.5908995790021231,2.4349081493958113
2018,POR,Jake Layman,50.8,30.4,0.1,False,3.5762223102499435,2.6427141651547803,-0.4486378230315347,1.9234328841243962
2018,SAS,LaMarcus Aldridge,24.8,5.7,0.7,False,1.1576370356527432,0.5481267918489114,0.4049327127919956,0.7035655134312168
2018,TOR,Kyle Lowry,19.9,5.8,1.1,False,0.7018267339017321,0.5566069026720121,0.9739797366743493,0.7441377910826978
2018,UTA,Tony Bradley,41.9,4.7,0.0,False,2.7483219662532092,0.46332568361790455,-0.5908995790021231,0.8735826902896636
2018,WAS,Ian Mahinmi,30.3,8.8,0.4,False,1.6692608437406127,0.8110102273650327,-0.021852555119769468,0.8194728386619587
2019,BOS,Marcus Morris,18.1,5.0,1.1,False,0.5343862148911569,0.4887660160872066,0.9739797366743493,0.6657106558842377
2019,BRK,Shabazz Napier,47.7,22.9,0.4,False,3.2878525275095085,2.006705853422229,-0.021852555119769468,1.7575686086039894
2019,DEN,Nikola Jokić,29.6,11.6,3.0,False,1.604145086347611,1.0484533304118517,3.6769531001155284,2.109850505624997
2019,DET,Khyri Thomas,30.4,11.5,0.0,False,1.6785630947967554,1.0399732195887512,-0.5908995790021231,0.7092122451277945
2019,GSW,Stephen Curry,22.6,5.2,3.3,False,0.9529875124175955,0.505726237733408,4.103738368027294,1.8541507060594327
2019,HOU,Isaiah Hartenstein,98.0,25.8,0.1,False,7.9668848087494775,2.252629067292149,-0.4486378230315347,3.256958684336697
2019,IND,Thaddeus Young,16.4,4.3,0.3,False,0.3762479469367243,0.4294052403255018,-0.1641143110903579,0.21384629205728942
2019,LAC,Montrezl Harrell,26.6,5.7,0.6,False,1.3250775546633187,0.5481267918489114,0.26267095682140723,0.7119584344445458
2019,MIL,Giannis Antetokounmpo,26.5,8.4,2.3,False,1.3157753036071755,0.77708978407263,2.6811208083214098,1.591328632000405
2019,OKC,Paul George,18.8,3.2,0.5,False,0.5995019722841585,0.3361240212713943,0.1204092008508189,0.35201173146879056
2019,ORL,D.J. Augustin,16.7,3.5,0.4,False,0.40415470010515364,0.36156435374069634,-0.021852555119769468,0.2479554995753602
2019,PHI,Jimmy Butler,21.1,6.2,1.7,False,0.8134537465754493,0.5905273459644148,1.8275502724978796,1.0771771216792478
2019,POR,Damian Lillard,20.6,4.6,1.6,False,0.7669424912947339,0.4548455727948038,1.6852885165272913,0.9690255268722764
2019,SAS,Donatas Motiejūnas,33.0,8.6,0.1,False,1.9204216222564754,0.7940500057188312,-0.4486378230315347,0.7552779349812573
2019,TOR,Kawhi Leonard,27.9,10.1,4.9,True,1.4460068183931785,0.9212516680653415,6.379926463556709,2.9157283166717427
2019,UTA,Derrick Favors,27.9,7.9,0.5,False,1.4460068183931785,0.7346892299571265,0.1204092008508189,0.7670350830670413
2020,BOS,Vincent Poirier,44.6,50.4,0.0,False,2.9994827447690726,4.338736329774917,-0.5908995790021231,2.2491064985139553
2020,BRK,Justin Anderson,20.6,7.0,0.1,False,0.7669424912947339,0.6583682325492203,-0.4486378230315347,0.32555763360413986
2020,DAL,Luka Dončić,26.9,7.9,0.5,False,1.3529843078317476,0.7346892299571265,0.1204092008508189,0.7360275795465644
2020,DEN,Jamal Murray,23.7,5.9,2.7,False,1.0553122740351693,0.5650870134951128,3.2501678322037635,1.623522373244682
2020,HOU,James Harden,27.5,9.4,2.4,False,1.4087978141686062,0.8618908923036368,2.823382564291998,1.6980237569214136
2020,IND,Malcolm Brogdon,18.9,2.6,0.4,False,0.6088042233403013,0.2852433563327902,-0.021852555119769468,0.29073167485110735
2020,LAC,Patrick Patterson,53.4,39.4,0.2,False,3.8180808377096636,3.4059241392338415,-0.3063760670609463,2.3058763032941862
2020,LAL,Anthony Davis,29.6,8.7,4.5,True,1.604145086347611,0.802530116541932,5.810879439674355,2.739184880854632
2020,MIA,Jimmy Butler,23.8,5.9,3.5,False,1.0646145250913124,0.5650870134951128,4.3882618799684705,2.005987806184965
2020,MIL,Giannis Antetokounmpo,31.3,11.2,1.4,False,1.7622833543020435,1.014532887119449,1.4007650045861144,1.3925270820025357
2020,OKC,Chris Paul,19.3,4.1,0.8,False,0.6460132275648738,0.4124450186793004,0.5471944687625842,0.5352175716689195
2020,ORL,Vic Law,44.2,36.8,0.0,False,2.9622737405445005,3.1854412578332236,-0.5908995790021231,1.8522718064585337
2020,PHI,Joel Embiid,26.6,6.2,0.5,False,1.3250775546633187,0.5905273459644148,0.1204092008508189,0.6786713671595175
2020,POR,Damian Lillard,18.7,4.5,0.3,False,0.5901997212280152,0.4463654619717032,-0.1641143110903579,0.29081695736978685
2020,TOR,Serge Ibaka,25.2,7.7,1.3,False,1.1948460398773153,0.7177290083109251,1.258503248615526,1.0570260989345888
2020,UTA,Donovan Mitchell,33.7,9.5,1.4,False,1.9855373796494773,0.8703710031267374,1.4007650045861144,1.4188911291207764
2021,ATL,Trae Young,21.2,6.3,1.4,False,0.8227559976315922,0.5990074567875154,1.4007650045861144,0.9408428196684073
2021,BOS,Carsen Edwards,34.9,13.2,0.0,False,2.0971643923231937,1.1841351035814627,-0.5908995790021231,0.8967999723008445
2021,BRK,Kevin Durant,26.9,10.0,2.2,False,1.3529843078317476,0.9127715572422409,2.538859052350822,1.6015383058082702
2021,DAL,Luka Dončić,27.5,11.8,0.7,False,1.4087978141686062,1.0654135520580532,0.4049327127919956,0.9597146930062183
2021,DEN,Nikola Jokić,29.6,9.0,1.3,False,1.604145086347611,0.8279704490112341,1.258503248615526,1.2302062613247904
2021,LAC,Kawhi Leonard,30.6,10.7,2.5,False,1.6971675969090416,0.9721323330039456,2.9656443202625864,1.8783147500585244
2021,LAL,LeBron James,20.1,9.2,0.4,False,0.7204312360140185,0.8449306706574353,-0.021852555119769468,0.5145031171838947
2021,MEM,Ja Morant,21.5,2.8,0.3,False,0.8506627508000215,0.3022035779789915,-0.1641143110903579,0.3295840058962184
2021,MIA,Nemanja Bjelica,22.1,10.1,0.1,False,0.9064762571368801,0.9212516680653415,-0.4486378230315347,0.45969670072356233
2021,MIL,Giannis Antetokounmpo,27.6,9.9,3.7,True,1.4181000652247495,0.9042914464191402,4.672785391909647,2.3317256345178454
2021,NYK,Kevin Knox,43.4,36.4,0.1,False,2.8878557320953555,3.151520814540821,-0.4486378230315347,1.8635795745348807
2021,PHI,Joel Embiid,26.2,7.5,1.5,False,1.2878685504387462,0.7007687866647238,1.5430267605567027,1.177221365886724
2021,PHO,Ty-Shon Alexander,79.0,29.5,0.0,False,6.199457108082292,2.5663931677468743,-0.5908995790021231,2.7249835656090142
2021,POR,Damian Lillard,30.4,12.2,1.5,False,1.6785630947967554,1.099333995350456,1.5430267605567027,1.440307950234638
2021,UTA,Donovan Mitchell,26.4,7.8,1.2,False,1.3064730525510322,0.7262091191340257,1.1162414926449375,1.0496412214433317
2021,WAS,Daniel Gafford,25.1,6.1,0.6,False,1.1855437888211724,0.5820472351413141,0.26267095682140723,0.6767539935946313
2022,ATL,Kevin Knox,86.7,62.6,0.2,False,6.91573043940531,5.3733098501932,-0.3063760670609463,3.9942214075125215
2022,BOS,Al Horford,16.6,6.0,3.2,False,0.39485244904901073,0.5735671243182134,3.9614766120567055,1.6432987284746432
2022,BRK,Nic Claxton,24.1,6.6,0.3,False,1.0925212782597418,0.6244477892568175,-0.1641143110903579,0.517618252142067
2022,CHI,Tony Bradley,58.6,36.1,0.1,False,4.301797892629104,3.126080482071519,-0.4486378230315347,2.326413517223029
2022,DAL,Luka Dončić,28.6,9.3,1.9,False,1.5111225757861801,0.8534107814805362,2.112073784439056,1.4922023805685907
2022,DEN,Nikola Jokić,33.1,10.7,0.7,False,1.9297238733126187,0.9721323330039456,0.4049327127919956,1.1022629730361866
2022,GSW,Stephen Curry,24.4,7.7,3.2,True,1.1204280314281707,0.7177290083109251,3.9614766120567055,1.9332112172652671
2022,MEM,Ja Morant,24.3,8.4,1.3,False,1.1111257803720278,0.77708978407263,1.258503248615526,1.0489062710200614
2022,MIA,Jimmy Butler,29.9,11.8,3.8,False,1.63205183951604,1.0654135520580532,4.815047147880235,2.5041708464847763
2022,MIL,Giannis Antetokounmpo,26.8,10.4,1.7,False,1.3436820567756047,0.9466920005346436,1.8275502724978796,1.3726414432693759
2022,MIN,Jordan McLaughlin,21.0,7.7,0.4,False,0.8041514955193061,0.7177290083109251,-0.021852555119769468,0.5000093162368205
2022,NOP,Jonas Valančiūnas,23.9,3.7,0.6,False,1.0739167761474553,0.3785245753868977,0.26267095682140723,0.5717041027852534
2022,PHI,Tyrese Maxey,16.9,2.1,1.3,False,0.42275920221743973,0.24284280221728677,1.258503248615526,0.6413684176834176
2022,PHO,Aaron Holiday,63.8,49.5,0.3,False,4.785514947548544,4.262415332367011,-0.1641143110903579,2.9612719896083988
2022,TOR,Dalano Banton,46.9,21.4,0.1,False,3.2134345190603635,1.8795041910757186,-0.4486378230315347,1.5481002957015155
2022,UTA,Nickeil Alexander-Walker,66.5,50.1,0.1,False,5.036675726064407,4.313295997305615,-0.4486378230315347,2.9671113001128293
